[
  {
    "line": 5,
    "elements": [
      {
        "BDD_TESTRUN_UUID": "929bd8e3-d61a-4997-b811-8a4a7e88cf23",
        "line": 8,
        "name": "Ingreso del Usuario al aplicativo",
        "description": "",
        "id": "ingreso-del-usuario;ingreso-del-usuario-al-aplicativo",
        "type": "scenario",
        "keyword": "Scenario",
        "steps": [
          {
            "result": {
              "duration": 6254385500,
              "status": "passed"
            },
            "line": 9,
            "name": "Yo como usuario ingreso a Swag Labs",
            "match": {
              "location": "LoginUsuarioStepDefinitions.yo_como_usuario_ingreso_a_Swag_Labs()"
            },
            "keyword": "Given ",
            "BDD_STEP_UUID": "141056db-6c9f-43cb-8ee6-ea7eb95cde06"
          },
          {
            "result": {
              "error_message": "com.kms.katalon.core.exception.StepFailedException: Unable to set encrypted text for object \u0027Object Repository/Page_Swag Labs/input_Password\u0027\r\n\tat com.kms.katalon.core.webui.keyword.internal.WebUIKeywordMain.stepFailed(WebUIKeywordMain.groovy:64)\r\n\tat com.kms.katalon.core.webui.keyword.internal.WebUIKeywordMain.runKeyword(WebUIKeywordMain.groovy:26)\r\n\tat com.kms.katalon.core.webui.keyword.builtin.SetEncryptedTextKeyword.setEncryptedText(SetEncryptedTextKeyword.groovy:65)\r\n\tat com.kms.katalon.core.webui.keyword.builtin.SetEncryptedTextKeyword.execute(SetEncryptedTextKeyword.groovy:34)\r\n\tat com.kms.katalon.core.keyword.internal.KeywordExecutor.executeKeywordForPlatform(KeywordExecutor.groovy:74)\r\n\tat com.kms.katalon.core.webui.keyword.WebUiBuiltInKeywords.setEncryptedText(WebUiBuiltInKeywords.groovy:1011)\r\n\tat com.kms.katalon.core.webui.keyword.WebUiBuiltInKeywords$setEncryptedText$2.call(Unknown Source)\r\n\tat task.LoginUser.credenciales(LoginUser.groovy:28)\r\n\tat task.LoginUser$credenciales.call(Unknown Source)\r\n\tat swagLabs.LoginUsuarioStepDefinitions.yo_ingreso_Usuario(LoginUsuarioStepDefinitions.groovy:58)\r\n\tat ✽.Yo ingreso Usuario(C:/Users/mgallo/git/SwagLabs/Include/features/AddProducto.feature:10)\r\nCaused by: javax.crypto.IllegalBlockSizeException: Input length must be multiple of 8 when decrypting with padded cipher\r\n\tat com.sun.crypto.provider.CipherCore.doFinal(CipherCore.java:936)\r\n\tat com.sun.crypto.provider.CipherCore.doFinal(CipherCore.java:847)\r\n\tat com.sun.crypto.provider.PKCS12PBECipherCore.implDoFinal(PKCS12PBECipherCore.java:399)\r\n\tat com.sun.crypto.provider.PKCS12PBECipherCore$PBEWithSHA1AndDESede.engineDoFinal(PKCS12PBECipherCore.java:431)\r\n\tat com.kms.katalon.util.CryptoUtil.decode(CryptoUtil.java:86)\r\n\tat com.kms.katalon.core.webui.keyword.builtin.SetEncryptedTextKeyword$_setEncryptedText_closure1.doCall(SetEncryptedTextKeyword.groovy:48)\r\n\tat com.kms.katalon.core.webui.keyword.builtin.SetEncryptedTextKeyword$_setEncryptedText_closure1.call(SetEncryptedTextKeyword.groovy)\r\n\tat com.kms.katalon.core.webui.keyword.internal.WebUIKeywordMain.runKeyword(WebUIKeywordMain.groovy:20)\r\n\tat com.kms.katalon.core.webui.keyword.builtin.SetEncryptedTextKeyword.setEncryptedText(SetEncryptedTextKeyword.groovy:65)\r\n\tat com.kms.katalon.core.webui.keyword.builtin.SetEncryptedTextKeyword.execute(SetEncryptedTextKeyword.groovy:34)\r\n\tat com.kms.katalon.core.keyword.internal.KeywordExecutor.executeKeywordForPlatform(KeywordExecutor.groovy:74)\r\n\tat com.kms.katalon.core.webui.keyword.WebUiBuiltInKeywords.setEncryptedText(WebUiBuiltInKeywords.groovy:1011)\r\n\tat com.kms.katalon.core.webui.keyword.WebUiBuiltInKeywords$setEncryptedText$2.call(Unknown Source)\r\n\tat task.LoginUser.credenciales(LoginUser.groovy:28)\r\n\tat task.LoginUser$credenciales.call(Unknown Source)\r\n\tat swagLabs.LoginUsuarioStepDefinitions.yo_ingreso_Usuario(LoginUsuarioStepDefinitions.groovy:58)\r\n\tat cucumber.runtime.Utils$1.call(Utils.java:26)\r\n\tat cucumber.runtime.Timeout.timeout(Timeout.java:16)\r\n\tat cucumber.runtime.Utils.invoke(Utils.java:20)\r\n\tat cucumber.runtime.java.JavaStepDefinition.execute(JavaStepDefinition.java:48)\r\n\tat cucumber.runtime.PickleStepDefinitionMatch.runStep(PickleStepDefinitionMatch.java:50)\r\n\tat cucumber.runner.TestStep.executeStep(TestStep.java:65)\r\n\tat cucumber.runner.TestStep.run(TestStep.java:47)\r\n\tat cucumber.runner.PickleStepTestStep.run(PickleStepTestStep.java:53)\r\n\tat cucumber.runner.TestCase.run(TestCase.java:47)\r\n\tat cucumber.runner.Runner.runPickle(Runner.java:44)\r\n\tat cucumber.runtime.Runtime.runFeature(Runtime.java:120)\r\n\tat cucumber.runtime.Runtime.run(Runtime.java:106)\r\n\tat cucumber.api.cli.Main.run(Main.java:35)\r\n\tat cucumber.api.cli.Main$run.call(Unknown Source)\r\n\tat com.kms.katalon.core.cucumber.keyword.CucumberBuiltinKeywords$_runFeatureFile_closure1.doCall(CucumberBuiltinKeywords.groovy:108)\r\n\tat com.kms.katalon.core.cucumber.keyword.CucumberBuiltinKeywords$_runFeatureFile_closure1.doCall(CucumberBuiltinKeywords.groovy)\r\n\tat com.kms.katalon.core.keyword.internal.KeywordMain.runKeyword(KeywordMain.groovy:74)\r\n\tat com.kms.katalon.core.keyword.internal.KeywordMain.runKeyword(KeywordMain.groovy:68)\r\n\tat com.kms.katalon.core.keyword.internal.KeywordMain$runKeyword.call(Unknown Source)\r\n\tat com.kms.katalon.core.cucumber.keyword.CucumberBuiltinKeywords.runFeatureFile(CucumberBuiltinKeywords.groovy:75)\r\n\tat com.kms.katalon.core.cucumber.keyword.CucumberBuiltinKeywords$runFeatureFile$0.callStatic(Unknown Source)\r\n\tat com.kms.katalon.core.cucumber.keyword.CucumberBuiltinKeywords.runFeatureFile(CucumberBuiltinKeywords.groovy:248)\r\n\tat com.kms.katalon.core.cucumber.keyword.CucumberBuiltinKeywords$runFeatureFile.call(Unknown Source)\r\n\tat AddProducto.run(AddProducto:20)\r\n\tat com.kms.katalon.core.main.ScriptEngine.run(ScriptEngine.java:194)\r\n\tat com.kms.katalon.core.main.ScriptEngine.runScriptAsRawText(ScriptEngine.java:119)\r\n\tat com.kms.katalon.core.main.TestCaseExecutor.runScript(TestCaseExecutor.java:442)\r\n\tat com.kms.katalon.core.main.TestCaseExecutor.doExecute(TestCaseExecutor.java:433)\r\n\tat com.kms.katalon.core.main.TestCaseExecutor.processExecutionPhase(TestCaseExecutor.java:412)\r\n\tat com.kms.katalon.core.main.TestCaseExecutor.accessMainPhase(TestCaseExecutor.java:404)\r\n\tat com.kms.katalon.core.main.TestCaseExecutor.execute(TestCaseExecutor.java:281)\r\n\tat com.kms.katalon.core.main.TestSuiteExecutor.accessTestCaseMainPhase(TestSuiteExecutor.java:202)\r\n\tat com.kms.katalon.core.main.TestSuiteExecutor.accessTestSuiteMainPhase(TestSuiteExecutor.java:164)\r\n\tat com.kms.katalon.core.main.TestSuiteExecutor.execute(TestSuiteExecutor.java:105)\r\n\tat com.kms.katalon.core.main.TestCaseMain.startTestSuite(TestCaseMain.java:185)\r\n\tat com.kms.katalon.core.main.TestCaseMain$startTestSuite$0.call(Unknown Source)\r\n\tat TempTestSuite1646012066064.run(TempTestSuite1646012066064.groovy:36)\r\n",
              "duration": 1463428300,
              "status": "failed"
            },
            "line": 10,
            "name": "Yo ingreso Usuario",
            "match": {
              "location": "LoginUsuarioStepDefinitions.yo_ingreso_Usuario()"
            },
            "keyword": "When ",
            "BDD_STEP_UUID": "52635c6d-ce43-4d3a-b42f-983df449f71a"
          },
          {
            "result": {
              "status": "skipped"
            },
            "line": 11,
            "name": "Yo selecciono el producto",
            "match": {
              "location": "AddProductoStepDefinition.yo_selecciono_el_producto()"
            },
            "keyword": "When ",
            "BDD_STEP_UUID": "efaa6f0f-53fa-4eed-a4aa-fdb1e4a96008"
          },
          {
            "result": {
              "status": "skipped"
            },
            "line": 12,
            "name": "Yo miro los detalles del procuto",
            "match": {
              "location": "AddProductoStepDefinition.yo_miro_los_detalles_del_procuto()"
            },
            "keyword": "When ",
            "BDD_STEP_UUID": "a2d806ee-7a1c-4fae-a189-968e62cc6fa3"
          },
          {
            "result": {
              "status": "skipped"
            },
            "line": 13,
            "name": "Yo agrego el producto al carrito",
            "match": {
              "location": "AddProductoStepDefinition.yo_agrego_el_producto_al_carrito()"
            },
            "keyword": "Then ",
            "BDD_STEP_UUID": "e4a11ef8-82f3-4735-8114-f3e61ad395bb"
          },
          {
            "result": {
              "status": "skipped"
            },
            "line": 14,
            "name": "Yo cierro la ventana",
            "match": {
              "location": "AddProductoStepDefinition.yo_cierro_la_ventana()"
            },
            "keyword": "Then ",
            "BDD_STEP_UUID": "9c7e8693-f795-49c5-9fd0-c5deaaabd580"
          }
        ],
        "tags": [
          {
            "name": "@tag"
          }
        ]
      }
    ],
    "name": "Ingreso del Usuario",
    "description": "  Yo como usuario ingreso al aplicativo Swag Labs",
    "id": "ingreso-del-usuario",
    "keyword": "Feature",
    "uri": "C:/Users/mgallo/git/SwagLabs/Include/features/AddProducto.feature",
    "tags": [
      {
        "name": "@tag",
        "type": "Tag",
        "location": {
          "line": 4,
          "column": 1
        }
      }
    ]
  }
]