[
  {
    "line": 5,
    "elements": [
      {
        "BDD_TESTRUN_UUID": "473d917a-aa41-4bbe-9ca1-1b6f13bf7e91",
        "line": 8,
        "name": "Ingreso del Usuario al aplicativo",
        "description": "",
        "id": "ingreso-del-usuario;ingreso-del-usuario-al-aplicativo",
        "type": "scenario",
        "keyword": "Scenario",
        "steps": [
          {
            "result": {
              "duration": 6541593200,
              "status": "passed"
            },
            "line": 9,
            "name": "Yo como usuario ingreso a Swag Labs",
            "match": {
              "location": "LoginUsuarioStepDefinitions.yo_como_usuario_ingreso_a_Swag_Labs()"
            },
            "keyword": "Given ",
            "BDD_STEP_UUID": "fd2bd2fb-5aa7-4eb9-b3f2-31615e66f1f3"
          },
          {
            "result": {
              "duration": 7284067900,
              "status": "passed"
            },
            "line": 10,
            "name": "Yo ingreso Usuario",
            "match": {
              "location": "LoginUsuarioStepDefinitions.yo_ingreso_Usuario()"
            },
            "keyword": "When ",
            "BDD_STEP_UUID": "4496e4a6-fff7-45de-88af-cda668db0f65"
          },
          {
            "result": {
              "duration": 1637900,
              "status": "passed"
            },
            "line": 11,
            "name": "Yo ingreso Contraseña",
            "match": {
              "location": "LoginUsuarioStepDefinitions.yo_ingreso_Contraseña()"
            },
            "keyword": "When ",
            "BDD_STEP_UUID": "56174d79-3998-45bb-9ea5-64de58079345"
          },
          {
            "result": {
              "duration": 1743381000,
              "status": "passed"
            },
            "line": 12,
            "name": "Yo verifico que ingrese al aplicativo",
            "match": {
              "location": "LoginUsuarioStepDefinitions.yo_verifico_que_ingrese_al_aplicativo()"
            },
            "keyword": "Then ",
            "BDD_STEP_UUID": "760ebf5b-4159-43ef-9d64-f700437478c9"
          }
        ],
        "tags": [
          {
            "name": "@tag"
          }
        ]
      }
    ],
    "name": "Ingreso del Usuario",
    "description": "  Yo como usuario ingreso al aplicativo Swag Labs",
    "id": "ingreso-del-usuario",
    "keyword": "Feature",
    "uri": "C:/Users/mgallo/git/SwagLabs/Include/features/LoginUsuario.feature",
    "tags": [
      {
        "name": "@tag",
        "type": "Tag",
        "location": {
          "line": 4,
          "column": 1
        }
      }
    ]
  }
]