[
  {
    "line": 5,
    "elements": [
      {
        "line": 8,
        "name": "Ingreso del Usuario al aplicativo",
        "description": "",
        "id": "ingreso-del-usuario;ingreso-del-usuario-al-aplicativo",
        "type": "scenario",
        "keyword": "Scenario",
        "steps": [
          {
            "result": {
              "duration": 6084630700,
              "status": "passed"
            },
            "line": 9,
            "name": "Yo como usuario ingreso a Swag Labs",
            "match": {
              "location": "LoginUsuarioStepDefinitions.yo_como_usuario_ingreso_a_Swag_Labs()"
            },
            "keyword": "Given "
          },
          {
            "result": {
              "duration": 7408539200,
              "status": "passed"
            },
            "line": 10,
            "name": "Yo ingreso Usuario",
            "match": {
              "location": "LoginUsuarioStepDefinitions.yo_ingreso_Usuario()"
            },
            "keyword": "When "
          },
          {
            "result": {
              "duration": 2251900,
              "status": "passed"
            },
            "line": 11,
            "name": "Yo ingreso Contraseña",
            "match": {
              "location": "LoginUsuarioStepDefinitions.yo_ingreso_Contraseña()"
            },
            "keyword": "When "
          },
          {
            "result": {
              "duration": 1730030200,
              "status": "passed"
            },
            "line": 12,
            "name": "Yo verifico que ingrese al aplicativo",
            "match": {
              "location": "LoginUsuarioStepDefinitions.yo_verifico_que_ingrese_al_aplicativo()"
            },
            "keyword": "Then "
          }
        ],
        "tags": [
          {
            "name": "@tag"
          }
        ]
      }
    ],
    "name": "Ingreso del Usuario",
    "description": "  Yo como usuario ingreso al aplicativo Swag Labs",
    "id": "ingreso-del-usuario",
    "keyword": "Feature",
    "uri": "C:/Users/mgallo/git/SwagLabs/Include/features/LoginUsuario.feature",
    "tags": [
      {
        "name": "@tag",
        "type": "Tag",
        "location": {
          "line": 4,
          "column": 1
        }
      }
    ]
  }
]