[
  {
    "line": 5,
    "elements": [
      {
        "BDD_TESTRUN_UUID": "a44b20c0-5ed1-4a6a-801e-895bdc35d787",
        "line": 8,
        "name": "Ingreso del Usuario al aplicativo",
        "description": "",
        "id": "ingreso-del-usuario;ingreso-del-usuario-al-aplicativo",
        "type": "scenario",
        "keyword": "Scenario",
        "steps": [
          {
            "result": {
              "duration": 6084630700,
              "status": "passed"
            },
            "line": 9,
            "name": "Yo como usuario ingreso a Swag Labs",
            "match": {
              "location": "LoginUsuarioStepDefinitions.yo_como_usuario_ingreso_a_Swag_Labs()"
            },
            "keyword": "Given ",
            "BDD_STEP_UUID": "45549af8-62b1-491b-b0c8-2469a086cb8d"
          },
          {
            "result": {
              "duration": 7408539200,
              "status": "passed"
            },
            "line": 10,
            "name": "Yo ingreso Usuario",
            "match": {
              "location": "LoginUsuarioStepDefinitions.yo_ingreso_Usuario()"
            },
            "keyword": "When ",
            "BDD_STEP_UUID": "6a74dd4c-a127-46f5-a09a-0994ee0558de"
          },
          {
            "result": {
              "duration": 2251900,
              "status": "passed"
            },
            "line": 11,
            "name": "Yo ingreso Contraseña",
            "match": {
              "location": "LoginUsuarioStepDefinitions.yo_ingreso_Contraseña()"
            },
            "keyword": "When ",
            "BDD_STEP_UUID": "b0da5539-e96e-4cb7-bbbe-9dec6f6cc1cc"
          },
          {
            "result": {
              "duration": 1730030200,
              "status": "passed"
            },
            "line": 12,
            "name": "Yo verifico que ingrese al aplicativo",
            "match": {
              "location": "LoginUsuarioStepDefinitions.yo_verifico_que_ingrese_al_aplicativo()"
            },
            "keyword": "Then ",
            "BDD_STEP_UUID": "0288bd63-5012-4d0b-8dcd-c2e420e4fd8f"
          }
        ],
        "tags": [
          {
            "name": "@tag"
          }
        ]
      }
    ],
    "name": "Ingreso del Usuario",
    "description": "  Yo como usuario ingreso al aplicativo Swag Labs",
    "id": "ingreso-del-usuario",
    "keyword": "Feature",
    "uri": "C:/Users/mgallo/git/SwagLabs/Include/features/LoginUsuario.feature",
    "tags": [
      {
        "name": "@tag",
        "type": "Tag",
        "location": {
          "line": 4,
          "column": 1
        }
      }
    ]
  }
]