[
  {
    "line": 5,
    "elements": [
      {
        "line": 8,
        "name": "Ingreso del Usuario al aplicativo",
        "description": "",
        "id": "ingreso-del-usuario;ingreso-del-usuario-al-aplicativo",
        "type": "scenario",
        "keyword": "Scenario",
        "steps": [
          {
            "result": {
              "duration": 7119708200,
              "status": "passed"
            },
            "line": 9,
            "name": "Yo como usuario ingreso a Swag Labs",
            "match": {
              "location": "LoginUsuarioStepDefinitions.yo_como_usuario_ingreso_a_Swag_Labs()"
            },
            "keyword": "Given "
          },
          {
            "result": {
              "duration": 7372500600,
              "status": "passed"
            },
            "line": 10,
            "name": "Yo ingreso Usuario",
            "match": {
              "location": "LoginUsuarioStepDefinitions.yo_ingreso_Usuario()"
            },
            "keyword": "When "
          },
          {
            "result": {
              "duration": 964348700,
              "status": "passed"
            },
            "line": 11,
            "name": "Yo selecciono el producto",
            "match": {
              "location": "AddProductoStepDefinition.yo_selecciono_el_producto()"
            },
            "keyword": "When "
          },
          {
            "result": {
              "duration": 1373034900,
              "status": "passed"
            },
            "line": 12,
            "name": "Yo miro los detalles del procuto",
            "match": {
              "location": "AddProductoStepDefinition.yo_miro_los_detalles_del_procuto()"
            },
            "keyword": "When "
          },
          {
            "result": {
              "duration": 444574100,
              "status": "passed"
            },
            "line": 13,
            "name": "Yo agrego el producto al carrito",
            "match": {
              "location": "AddProductoStepDefinition.yo_agrego_el_producto_al_carrito()"
            },
            "keyword": "Then "
          },
          {
            "result": {
              "duration": 555105200,
              "status": "passed"
            },
            "line": 14,
            "name": "Yo abro el carrito",
            "match": {
              "location": "ConfirmarCompraStepDefinition.yo_abro_el_carrito()"
            },
            "keyword": "When "
          },
          {
            "result": {
              "duration": 3741018500,
              "status": "passed"
            },
            "line": 15,
            "name": "Yo ingreso los datos para verificar mi información",
            "match": {
              "location": "ConfirmarCompraStepDefinition.yo_ingreso_los_datos_para_verificar_mi_información()"
            },
            "keyword": "When "
          },
          {
            "result": {
              "duration": 1671409500,
              "status": "passed"
            },
            "line": 16,
            "name": "Yo valido el total de los productos",
            "match": {
              "location": "ConfirmarCompraStepDefinition.yo_valido_el_total_de_los_productos()"
            },
            "keyword": "Then "
          },
          {
            "result": {
              "duration": 394705200,
              "status": "passed"
            },
            "line": 17,
            "name": "Yo Finalizo la confirmación del producto",
            "match": {
              "location": "ConfirmarCompraStepDefinition.yo_Finalizo_la_confirmación_del_producto()"
            },
            "keyword": "When "
          },
          {
            "result": {
              "duration": 6810692000,
              "status": "passed"
            },
            "line": 18,
            "name": "Yo verifico el logo de Pony y vuelvo al BackHome",
            "match": {
              "location": "ConfirmarCompraStepDefinition.yo_verifico_el_logo_de_Pony_y_vuelvo_al_BackHome()"
            },
            "keyword": "Then "
          }
        ],
        "tags": [
          {
            "name": "@tag"
          }
        ]
      }
    ],
    "name": "Ingreso del Usuario",
    "description": "  Yo como usuario ingreso al aplicativo Swag Labs",
    "id": "ingreso-del-usuario",
    "keyword": "Feature",
    "uri": "C:/Users/mgallo/git/SwagLabs/Include/features/ConfirmarCompra.feature",
    "tags": [
      {
        "name": "@tag",
        "type": "Tag",
        "location": {
          "line": 4,
          "column": 1
        }
      }
    ]
  }
]