[
  {
    "line": 5,
    "elements": [
      {
        "BDD_TESTRUN_UUID": "e3fcb2c5-3e4b-4400-81a0-fb96d87335b9",
        "line": 8,
        "name": "Ingreso del Usuario al aplicativo",
        "description": "",
        "id": "ingreso-del-usuario;ingreso-del-usuario-al-aplicativo",
        "type": "scenario",
        "keyword": "Scenario",
        "steps": [
          {
            "result": {
              "duration": 7119708200,
              "status": "passed"
            },
            "line": 9,
            "name": "Yo como usuario ingreso a Swag Labs",
            "match": {
              "location": "LoginUsuarioStepDefinitions.yo_como_usuario_ingreso_a_Swag_Labs()"
            },
            "keyword": "Given ",
            "BDD_STEP_UUID": "9822c171-3144-4435-b1c1-be11fdf7d974"
          },
          {
            "result": {
              "duration": 7372500600,
              "status": "passed"
            },
            "line": 10,
            "name": "Yo ingreso Usuario",
            "match": {
              "location": "LoginUsuarioStepDefinitions.yo_ingreso_Usuario()"
            },
            "keyword": "When ",
            "BDD_STEP_UUID": "08c07353-7994-4d0f-869a-8c2ff05f9716"
          },
          {
            "result": {
              "duration": 964348700,
              "status": "passed"
            },
            "line": 11,
            "name": "Yo selecciono el producto",
            "match": {
              "location": "AddProductoStepDefinition.yo_selecciono_el_producto()"
            },
            "keyword": "When ",
            "BDD_STEP_UUID": "2d8212e9-8eec-40d4-9aee-aef792e0c31a"
          },
          {
            "result": {
              "duration": 1373034900,
              "status": "passed"
            },
            "line": 12,
            "name": "Yo miro los detalles del procuto",
            "match": {
              "location": "AddProductoStepDefinition.yo_miro_los_detalles_del_procuto()"
            },
            "keyword": "When ",
            "BDD_STEP_UUID": "56eb8b0b-c12f-4d04-89ef-013148052327"
          },
          {
            "result": {
              "duration": 444574100,
              "status": "passed"
            },
            "line": 13,
            "name": "Yo agrego el producto al carrito",
            "match": {
              "location": "AddProductoStepDefinition.yo_agrego_el_producto_al_carrito()"
            },
            "keyword": "Then ",
            "BDD_STEP_UUID": "ba77d1f5-4ca4-44fc-93c1-9d1055cf32b0"
          },
          {
            "result": {
              "duration": 555105200,
              "status": "passed"
            },
            "line": 14,
            "name": "Yo abro el carrito",
            "match": {
              "location": "ConfirmarCompraStepDefinition.yo_abro_el_carrito()"
            },
            "keyword": "When ",
            "BDD_STEP_UUID": "46444b24-ab4b-4117-8e58-0f58c3cc282d"
          },
          {
            "result": {
              "duration": 3741018500,
              "status": "passed"
            },
            "line": 15,
            "name": "Yo ingreso los datos para verificar mi información",
            "match": {
              "location": "ConfirmarCompraStepDefinition.yo_ingreso_los_datos_para_verificar_mi_información()"
            },
            "keyword": "When ",
            "BDD_STEP_UUID": "c17b4442-7190-4d11-ba3f-6163c00b014b"
          },
          {
            "result": {
              "duration": 1671409500,
              "status": "passed"
            },
            "line": 16,
            "name": "Yo valido el total de los productos",
            "match": {
              "location": "ConfirmarCompraStepDefinition.yo_valido_el_total_de_los_productos()"
            },
            "keyword": "Then ",
            "BDD_STEP_UUID": "ed0c1ce7-6ac3-42d7-8a32-90ed544789e0"
          },
          {
            "result": {
              "duration": 394705200,
              "status": "passed"
            },
            "line": 17,
            "name": "Yo Finalizo la confirmación del producto",
            "match": {
              "location": "ConfirmarCompraStepDefinition.yo_Finalizo_la_confirmación_del_producto()"
            },
            "keyword": "When ",
            "BDD_STEP_UUID": "8b270a5c-7b31-4e8f-b03c-165b239d9829"
          },
          {
            "result": {
              "duration": 6810692000,
              "status": "passed"
            },
            "line": 18,
            "name": "Yo verifico el logo de Pony y vuelvo al BackHome",
            "match": {
              "location": "ConfirmarCompraStepDefinition.yo_verifico_el_logo_de_Pony_y_vuelvo_al_BackHome()"
            },
            "keyword": "Then ",
            "BDD_STEP_UUID": "cc5584fd-2511-4511-a7be-69842f3db6a1"
          }
        ],
        "tags": [
          {
            "name": "@tag"
          }
        ]
      }
    ],
    "name": "Ingreso del Usuario",
    "description": "  Yo como usuario ingreso al aplicativo Swag Labs",
    "id": "ingreso-del-usuario",
    "keyword": "Feature",
    "uri": "C:/Users/mgallo/git/SwagLabs/Include/features/ConfirmarCompra.feature",
    "tags": [
      {
        "name": "@tag",
        "type": "Tag",
        "location": {
          "line": 4,
          "column": 1
        }
      }
    ]
  }
]