[
  {
    "line": 5,
    "elements": [
      {
        "BDD_TESTRUN_UUID": "4d6bb5b4-3ba5-4070-bb89-dbde5b96854b",
        "line": 8,
        "name": "Ingreso del Usuario al aplicativo",
        "description": "",
        "id": "ingreso-del-usuario;ingreso-del-usuario-al-aplicativo",
        "type": "scenario",
        "keyword": "Scenario",
        "steps": [
          {
            "result": {
              "duration": 6987030400,
              "status": "passed"
            },
            "line": 9,
            "name": "Yo como usuario ingreso a Swag Labs",
            "match": {
              "location": "LoginUsuarioStepDefinitions.yo_como_usuario_ingreso_a_Swag_Labs()"
            },
            "keyword": "Given ",
            "BDD_STEP_UUID": "fed3467a-38d1-4e7f-81ed-f32df8952502"
          },
          {
            "result": {
              "error_message": "com.kms.katalon.core.exception.StepFailedException: Unable to set encrypted text for object \u0027Object Repository/Page_Swag Labs/input_Password\u0027\r\n\tat com.kms.katalon.core.webui.keyword.internal.WebUIKeywordMain.stepFailed(WebUIKeywordMain.groovy:64)\r\n\tat com.kms.katalon.core.webui.keyword.internal.WebUIKeywordMain.runKeyword(WebUIKeywordMain.groovy:26)\r\n\tat com.kms.katalon.core.webui.keyword.builtin.SetEncryptedTextKeyword.setEncryptedText(SetEncryptedTextKeyword.groovy:65)\r\n\tat com.kms.katalon.core.webui.keyword.builtin.SetEncryptedTextKeyword.execute(SetEncryptedTextKeyword.groovy:34)\r\n\tat com.kms.katalon.core.keyword.internal.KeywordExecutor.executeKeywordForPlatform(KeywordExecutor.groovy:74)\r\n\tat com.kms.katalon.core.webui.keyword.WebUiBuiltInKeywords.setEncryptedText(WebUiBuiltInKeywords.groovy:1011)\r\n\tat com.kms.katalon.core.webui.keyword.WebUiBuiltInKeywords$setEncryptedText$2.call(Unknown Source)\r\n\tat task.LoginUser.credenciales(LoginUser.groovy:28)\r\n\tat task.LoginUser$credenciales.call(Unknown Source)\r\n\tat swagLabs.LoginUsuarioStepDefinitions.yo_ingreso_Usuario(LoginUsuarioStepDefinitions.groovy:58)\r\n\tat ✽.Yo ingreso Usuario(C:/Users/mgallo/git/SwagLabs/Include/features/LoginUsuario.feature:10)\r\nCaused by: javax.crypto.IllegalBlockSizeException: Input length must be multiple of 8 when decrypting with padded cipher\r\n\tat com.sun.crypto.provider.CipherCore.doFinal(CipherCore.java:936)\r\n\tat com.sun.crypto.provider.CipherCore.doFinal(CipherCore.java:847)\r\n\tat com.sun.crypto.provider.PKCS12PBECipherCore.implDoFinal(PKCS12PBECipherCore.java:399)\r\n\tat com.sun.crypto.provider.PKCS12PBECipherCore$PBEWithSHA1AndDESede.engineDoFinal(PKCS12PBECipherCore.java:431)\r\n\tat com.kms.katalon.util.CryptoUtil.decode(CryptoUtil.java:86)\r\n\tat com.kms.katalon.core.webui.keyword.builtin.SetEncryptedTextKeyword$_setEncryptedText_closure1.doCall(SetEncryptedTextKeyword.groovy:48)\r\n\tat com.kms.katalon.core.webui.keyword.builtin.SetEncryptedTextKeyword$_setEncryptedText_closure1.call(SetEncryptedTextKeyword.groovy)\r\n\tat com.kms.katalon.core.webui.keyword.internal.WebUIKeywordMain.runKeyword(WebUIKeywordMain.groovy:20)\r\n\tat com.kms.katalon.core.webui.keyword.builtin.SetEncryptedTextKeyword.setEncryptedText(SetEncryptedTextKeyword.groovy:65)\r\n\tat com.kms.katalon.core.webui.keyword.builtin.SetEncryptedTextKeyword.execute(SetEncryptedTextKeyword.groovy:34)\r\n\tat com.kms.katalon.core.keyword.internal.KeywordExecutor.executeKeywordForPlatform(KeywordExecutor.groovy:74)\r\n\tat com.kms.katalon.core.webui.keyword.WebUiBuiltInKeywords.setEncryptedText(WebUiBuiltInKeywords.groovy:1011)\r\n\tat com.kms.katalon.core.webui.keyword.WebUiBuiltInKeywords$setEncryptedText$2.call(Unknown Source)\r\n\tat task.LoginUser.credenciales(LoginUser.groovy:28)\r\n\tat task.LoginUser$credenciales.call(Unknown Source)\r\n\tat swagLabs.LoginUsuarioStepDefinitions.yo_ingreso_Usuario(LoginUsuarioStepDefinitions.groovy:58)\r\n\tat cucumber.runtime.Utils$1.call(Utils.java:26)\r\n\tat cucumber.runtime.Timeout.timeout(Timeout.java:16)\r\n\tat cucumber.runtime.Utils.invoke(Utils.java:20)\r\n\tat cucumber.runtime.java.JavaStepDefinition.execute(JavaStepDefinition.java:48)\r\n\tat cucumber.runtime.PickleStepDefinitionMatch.runStep(PickleStepDefinitionMatch.java:50)\r\n\tat cucumber.runner.TestStep.executeStep(TestStep.java:65)\r\n\tat cucumber.runner.TestStep.run(TestStep.java:47)\r\n\tat cucumber.runner.PickleStepTestStep.run(PickleStepTestStep.java:53)\r\n\tat cucumber.runner.TestCase.run(TestCase.java:47)\r\n\tat cucumber.runner.Runner.runPickle(Runner.java:44)\r\n\tat cucumber.runtime.Runtime.runFeature(Runtime.java:120)\r\n\tat cucumber.runtime.Runtime.run(Runtime.java:106)\r\n\tat cucumber.api.cli.Main.run(Main.java:35)\r\n\tat cucumber.api.cli.Main$run.call(Unknown Source)\r\n\tat com.kms.katalon.core.cucumber.keyword.CucumberBuiltinKeywords$_runFeatureFile_closure1.doCall(CucumberBuiltinKeywords.groovy:108)\r\n\tat com.kms.katalon.core.cucumber.keyword.CucumberBuiltinKeywords$_runFeatureFile_closure1.doCall(CucumberBuiltinKeywords.groovy)\r\n\tat com.kms.katalon.core.keyword.internal.KeywordMain.runKeyword(KeywordMain.groovy:74)\r\n\tat com.kms.katalon.core.keyword.internal.KeywordMain.runKeyword(KeywordMain.groovy:68)\r\n\tat com.kms.katalon.core.keyword.internal.KeywordMain$runKeyword.call(Unknown Source)\r\n\tat com.kms.katalon.core.cucumber.keyword.CucumberBuiltinKeywords.runFeatureFile(CucumberBuiltinKeywords.groovy:75)\r\n\tat com.kms.katalon.core.cucumber.keyword.CucumberBuiltinKeywords$runFeatureFile$0.callStatic(Unknown Source)\r\n\tat com.kms.katalon.core.cucumber.keyword.CucumberBuiltinKeywords.runFeatureFile(CucumberBuiltinKeywords.groovy:248)\r\n\tat com.kms.katalon.core.cucumber.keyword.CucumberBuiltinKeywords$runFeatureFile.call(Unknown Source)\r\n\tat LoginUsuario.run(LoginUsuario:20)\r\n\tat com.kms.katalon.core.main.ScriptEngine.run(ScriptEngine.java:194)\r\n\tat com.kms.katalon.core.main.ScriptEngine.runScriptAsRawText(ScriptEngine.java:119)\r\n\tat com.kms.katalon.core.main.TestCaseExecutor.runScript(TestCaseExecutor.java:442)\r\n\tat com.kms.katalon.core.main.TestCaseExecutor.doExecute(TestCaseExecutor.java:433)\r\n\tat com.kms.katalon.core.main.TestCaseExecutor.processExecutionPhase(TestCaseExecutor.java:412)\r\n\tat com.kms.katalon.core.main.TestCaseExecutor.accessMainPhase(TestCaseExecutor.java:404)\r\n\tat com.kms.katalon.core.main.TestCaseExecutor.execute(TestCaseExecutor.java:281)\r\n\tat com.kms.katalon.core.main.TestSuiteExecutor.accessTestCaseMainPhase(TestSuiteExecutor.java:202)\r\n\tat com.kms.katalon.core.main.TestSuiteExecutor.accessTestSuiteMainPhase(TestSuiteExecutor.java:164)\r\n\tat com.kms.katalon.core.main.TestSuiteExecutor.execute(TestSuiteExecutor.java:105)\r\n\tat com.kms.katalon.core.main.TestCaseMain.startTestSuite(TestCaseMain.java:185)\r\n\tat com.kms.katalon.core.main.TestCaseMain$startTestSuite$0.call(Unknown Source)\r\n\tat TempTestSuite1646012063427.run(TempTestSuite1646012063427.groovy:36)\r\n",
              "duration": 1591498300,
              "status": "failed"
            },
            "line": 10,
            "name": "Yo ingreso Usuario",
            "match": {
              "location": "LoginUsuarioStepDefinitions.yo_ingreso_Usuario()"
            },
            "keyword": "When ",
            "BDD_STEP_UUID": "516a07fe-2428-4a71-b050-0ba96251691d"
          },
          {
            "result": {
              "status": "skipped"
            },
            "line": 11,
            "name": "Yo ingreso Contraseña",
            "match": {
              "location": "LoginUsuarioStepDefinitions.yo_ingreso_Contraseña()"
            },
            "keyword": "When ",
            "BDD_STEP_UUID": "aa1ec8af-df3f-4b35-84c9-c2d1575d0688"
          },
          {
            "result": {
              "status": "skipped"
            },
            "line": 12,
            "name": "Yo verifico que ingrese al aplicativo",
            "match": {
              "location": "LoginUsuarioStepDefinitions.yo_verifico_que_ingrese_al_aplicativo()"
            },
            "keyword": "Then ",
            "BDD_STEP_UUID": "d23f363b-a63e-4f34-88e2-e71de1311871"
          }
        ],
        "tags": [
          {
            "name": "@tag"
          }
        ]
      }
    ],
    "name": "Ingreso del Usuario",
    "description": "  Yo como usuario ingreso al aplicativo Swag Labs",
    "id": "ingreso-del-usuario",
    "keyword": "Feature",
    "uri": "C:/Users/mgallo/git/SwagLabs/Include/features/LoginUsuario.feature",
    "tags": [
      {
        "name": "@tag",
        "type": "Tag",
        "location": {
          "line": 4,
          "column": 1
        }
      }
    ]
  }
]