[
  {
    "line": 5,
    "elements": [
      {
        "BDD_TESTRUN_UUID": "6b0861a3-998b-453f-9a37-f9c82315f048",
        "line": 8,
        "name": "Ingreso del Usuario al aplicativo",
        "description": "",
        "id": "ingreso-del-usuario;ingreso-del-usuario-al-aplicativo",
        "type": "scenario",
        "keyword": "Scenario",
        "steps": [
          {
            "result": {
              "duration": 6250040900,
              "status": "passed"
            },
            "line": 9,
            "name": "Yo como usuario ingreso a Swag Labs",
            "match": {
              "location": "LoginUsuarioStepDefinitions.yo_como_usuario_ingreso_a_Swag_Labs()"
            },
            "keyword": "Given ",
            "BDD_STEP_UUID": "0b88e19e-2a2d-4b9e-bffb-8e24d49a6930"
          },
          {
            "result": {
              "duration": 7359193900,
              "status": "passed"
            },
            "line": 10,
            "name": "Yo ingreso Usuario",
            "match": {
              "location": "LoginUsuarioStepDefinitions.yo_ingreso_Usuario()"
            },
            "keyword": "When ",
            "BDD_STEP_UUID": "d6b18c72-2674-4d76-841f-d50add18a3c8"
          },
          {
            "result": {
              "duration": 534865900,
              "status": "passed"
            },
            "line": 11,
            "name": "Yo selecciono el producto",
            "match": {
              "location": "AddProductoStepDefinition.yo_selecciono_el_producto()"
            },
            "keyword": "When ",
            "BDD_STEP_UUID": "5d2406fe-74e7-4953-9a50-63d94621fb96"
          },
          {
            "result": {
              "duration": 1278250600,
              "status": "passed"
            },
            "line": 12,
            "name": "Yo miro los detalles del procuto",
            "match": {
              "location": "AddProductoStepDefinition.yo_miro_los_detalles_del_procuto()"
            },
            "keyword": "When ",
            "BDD_STEP_UUID": "bcb8f58b-8bdd-4e7a-8629-ea193ace7829"
          },
          {
            "result": {
              "duration": 422398400,
              "status": "passed"
            },
            "line": 13,
            "name": "Yo agrego el producto al carrito",
            "match": {
              "location": "AddProductoStepDefinition.yo_agrego_el_producto_al_carrito()"
            },
            "keyword": "Then ",
            "BDD_STEP_UUID": "ecc5735f-d967-4ba4-97d3-ac39a15eda7a"
          },
          {
            "result": {
              "duration": 799308300,
              "status": "passed"
            },
            "line": 14,
            "name": "Yo cierro la ventana",
            "match": {
              "location": "AddProductoStepDefinition.yo_cierro_la_ventana()"
            },
            "keyword": "Then ",
            "BDD_STEP_UUID": "19cd6e6d-416f-4ba8-bdb3-403f8e80f42c"
          }
        ],
        "tags": [
          {
            "name": "@tag"
          }
        ]
      }
    ],
    "name": "Ingreso del Usuario",
    "description": "  Yo como usuario ingreso al aplicativo Swag Labs",
    "id": "ingreso-del-usuario",
    "keyword": "Feature",
    "uri": "C:/Users/mgallo/git/SwagLabs/Include/features/AddProducto.feature",
    "tags": [
      {
        "name": "@tag",
        "type": "Tag",
        "location": {
          "line": 4,
          "column": 1
        }
      }
    ]
  }
]