[
  {
    "line": 5,
    "elements": [
      {
        "BDD_TESTRUN_UUID": "6972d9af-5e56-4551-b931-ab2c77fc97db",
        "line": 8,
        "name": "Ingreso del Usuario al aplicativo",
        "description": "",
        "id": "ingreso-del-usuario;ingreso-del-usuario-al-aplicativo",
        "type": "scenario",
        "keyword": "Scenario",
        "steps": [
          {
            "result": {
              "duration": 6563621200,
              "status": "passed"
            },
            "line": 9,
            "name": "Yo como usuario ingreso a Swag Labs",
            "match": {
              "location": "LoginUsuarioStepDefinitions.yo_como_usuario_ingreso_a_Swag_Labs()"
            },
            "keyword": "Given ",
            "BDD_STEP_UUID": "77ef4ac3-e19c-44e9-b2f2-87ae346ab7bf"
          },
          {
            "result": {
              "error_message": "com.kms.katalon.core.exception.StepFailedException: Unable to set encrypted text for object \u0027Object Repository/Page_Swag Labs/input_Password\u0027\r\n\tat com.kms.katalon.core.webui.keyword.internal.WebUIKeywordMain.stepFailed(WebUIKeywordMain.groovy:64)\r\n\tat com.kms.katalon.core.webui.keyword.internal.WebUIKeywordMain.runKeyword(WebUIKeywordMain.groovy:26)\r\n\tat com.kms.katalon.core.webui.keyword.builtin.SetEncryptedTextKeyword.setEncryptedText(SetEncryptedTextKeyword.groovy:65)\r\n\tat com.kms.katalon.core.webui.keyword.builtin.SetEncryptedTextKeyword.execute(SetEncryptedTextKeyword.groovy:34)\r\n\tat com.kms.katalon.core.keyword.internal.KeywordExecutor.executeKeywordForPlatform(KeywordExecutor.groovy:74)\r\n\tat com.kms.katalon.core.webui.keyword.WebUiBuiltInKeywords.setEncryptedText(WebUiBuiltInKeywords.groovy:1011)\r\n\tat com.kms.katalon.core.webui.keyword.WebUiBuiltInKeywords$setEncryptedText$2.call(Unknown Source)\r\n\tat task.LoginUser.credenciales(LoginUser.groovy:28)\r\n\tat task.LoginUser$credenciales.call(Unknown Source)\r\n\tat swagLabs.LoginUsuarioStepDefinitions.yo_ingreso_Usuario(LoginUsuarioStepDefinitions.groovy:58)\r\n\tat ✽.Yo ingreso Usuario(C:/Users/mgallo/git/SwagLabs/Include/features/ConfirmarCompra.feature:10)\r\nCaused by: javax.crypto.IllegalBlockSizeException: Input length must be multiple of 8 when decrypting with padded cipher\r\n\tat com.sun.crypto.provider.CipherCore.doFinal(CipherCore.java:936)\r\n\tat com.sun.crypto.provider.CipherCore.doFinal(CipherCore.java:847)\r\n\tat com.sun.crypto.provider.PKCS12PBECipherCore.implDoFinal(PKCS12PBECipherCore.java:399)\r\n\tat com.sun.crypto.provider.PKCS12PBECipherCore$PBEWithSHA1AndDESede.engineDoFinal(PKCS12PBECipherCore.java:431)\r\n\tat com.kms.katalon.util.CryptoUtil.decode(CryptoUtil.java:86)\r\n\tat com.kms.katalon.core.webui.keyword.builtin.SetEncryptedTextKeyword$_setEncryptedText_closure1.doCall(SetEncryptedTextKeyword.groovy:48)\r\n\tat com.kms.katalon.core.webui.keyword.builtin.SetEncryptedTextKeyword$_setEncryptedText_closure1.call(SetEncryptedTextKeyword.groovy)\r\n\tat com.kms.katalon.core.webui.keyword.internal.WebUIKeywordMain.runKeyword(WebUIKeywordMain.groovy:20)\r\n\tat com.kms.katalon.core.webui.keyword.builtin.SetEncryptedTextKeyword.setEncryptedText(SetEncryptedTextKeyword.groovy:65)\r\n\tat com.kms.katalon.core.webui.keyword.builtin.SetEncryptedTextKeyword.execute(SetEncryptedTextKeyword.groovy:34)\r\n\tat com.kms.katalon.core.keyword.internal.KeywordExecutor.executeKeywordForPlatform(KeywordExecutor.groovy:74)\r\n\tat com.kms.katalon.core.webui.keyword.WebUiBuiltInKeywords.setEncryptedText(WebUiBuiltInKeywords.groovy:1011)\r\n\tat com.kms.katalon.core.webui.keyword.WebUiBuiltInKeywords$setEncryptedText$2.call(Unknown Source)\r\n\tat task.LoginUser.credenciales(LoginUser.groovy:28)\r\n\tat task.LoginUser$credenciales.call(Unknown Source)\r\n\tat swagLabs.LoginUsuarioStepDefinitions.yo_ingreso_Usuario(LoginUsuarioStepDefinitions.groovy:58)\r\n\tat cucumber.runtime.Utils$1.call(Utils.java:26)\r\n\tat cucumber.runtime.Timeout.timeout(Timeout.java:16)\r\n\tat cucumber.runtime.Utils.invoke(Utils.java:20)\r\n\tat cucumber.runtime.java.JavaStepDefinition.execute(JavaStepDefinition.java:48)\r\n\tat cucumber.runtime.PickleStepDefinitionMatch.runStep(PickleStepDefinitionMatch.java:50)\r\n\tat cucumber.runner.TestStep.executeStep(TestStep.java:65)\r\n\tat cucumber.runner.TestStep.run(TestStep.java:47)\r\n\tat cucumber.runner.PickleStepTestStep.run(PickleStepTestStep.java:53)\r\n\tat cucumber.runner.TestCase.run(TestCase.java:47)\r\n\tat cucumber.runner.Runner.runPickle(Runner.java:44)\r\n\tat cucumber.runtime.Runtime.runFeature(Runtime.java:120)\r\n\tat cucumber.runtime.Runtime.run(Runtime.java:106)\r\n\tat cucumber.api.cli.Main.run(Main.java:35)\r\n\tat cucumber.api.cli.Main$run.call(Unknown Source)\r\n\tat com.kms.katalon.core.cucumber.keyword.CucumberBuiltinKeywords$_runFeatureFile_closure1.doCall(CucumberBuiltinKeywords.groovy:108)\r\n\tat com.kms.katalon.core.cucumber.keyword.CucumberBuiltinKeywords$_runFeatureFile_closure1.doCall(CucumberBuiltinKeywords.groovy)\r\n\tat com.kms.katalon.core.keyword.internal.KeywordMain.runKeyword(KeywordMain.groovy:74)\r\n\tat com.kms.katalon.core.keyword.internal.KeywordMain.runKeyword(KeywordMain.groovy:68)\r\n\tat com.kms.katalon.core.keyword.internal.KeywordMain$runKeyword.call(Unknown Source)\r\n\tat com.kms.katalon.core.cucumber.keyword.CucumberBuiltinKeywords.runFeatureFile(CucumberBuiltinKeywords.groovy:75)\r\n\tat com.kms.katalon.core.cucumber.keyword.CucumberBuiltinKeywords$runFeatureFile$0.callStatic(Unknown Source)\r\n\tat com.kms.katalon.core.cucumber.keyword.CucumberBuiltinKeywords.runFeatureFile(CucumberBuiltinKeywords.groovy:248)\r\n\tat com.kms.katalon.core.cucumber.keyword.CucumberBuiltinKeywords$runFeatureFile.call(Unknown Source)\r\n\tat ConfirmarCompra.run(ConfirmarCompra:20)\r\n\tat com.kms.katalon.core.main.ScriptEngine.run(ScriptEngine.java:194)\r\n\tat com.kms.katalon.core.main.ScriptEngine.runScriptAsRawText(ScriptEngine.java:119)\r\n\tat com.kms.katalon.core.main.TestCaseExecutor.runScript(TestCaseExecutor.java:442)\r\n\tat com.kms.katalon.core.main.TestCaseExecutor.doExecute(TestCaseExecutor.java:433)\r\n\tat com.kms.katalon.core.main.TestCaseExecutor.processExecutionPhase(TestCaseExecutor.java:412)\r\n\tat com.kms.katalon.core.main.TestCaseExecutor.accessMainPhase(TestCaseExecutor.java:404)\r\n\tat com.kms.katalon.core.main.TestCaseExecutor.execute(TestCaseExecutor.java:281)\r\n\tat com.kms.katalon.core.main.TestSuiteExecutor.accessTestCaseMainPhase(TestSuiteExecutor.java:202)\r\n\tat com.kms.katalon.core.main.TestSuiteExecutor.accessTestSuiteMainPhase(TestSuiteExecutor.java:164)\r\n\tat com.kms.katalon.core.main.TestSuiteExecutor.execute(TestSuiteExecutor.java:105)\r\n\tat com.kms.katalon.core.main.TestCaseMain.startTestSuite(TestCaseMain.java:185)\r\n\tat com.kms.katalon.core.main.TestCaseMain$startTestSuite$0.call(Unknown Source)\r\n\tat TempTestSuite1646012068229.run(TempTestSuite1646012068229.groovy:36)\r\n",
              "duration": 1312719500,
              "status": "failed"
            },
            "line": 10,
            "name": "Yo ingreso Usuario",
            "match": {
              "location": "LoginUsuarioStepDefinitions.yo_ingreso_Usuario()"
            },
            "keyword": "When ",
            "BDD_STEP_UUID": "780a9ad4-5db2-4299-8a26-dc4530c8066e"
          },
          {
            "result": {
              "status": "skipped"
            },
            "line": 11,
            "name": "Yo selecciono el producto",
            "match": {
              "location": "AddProductoStepDefinition.yo_selecciono_el_producto()"
            },
            "keyword": "When ",
            "BDD_STEP_UUID": "27ece327-7d42-4b5e-b700-c59dd58b122f"
          },
          {
            "result": {
              "status": "skipped"
            },
            "line": 12,
            "name": "Yo miro los detalles del procuto",
            "match": {
              "location": "AddProductoStepDefinition.yo_miro_los_detalles_del_procuto()"
            },
            "keyword": "When ",
            "BDD_STEP_UUID": "16cfbcbc-add4-4832-8d22-223c8746fa4a"
          },
          {
            "result": {
              "status": "skipped"
            },
            "line": 13,
            "name": "Yo agrego el producto al carrito",
            "match": {
              "location": "AddProductoStepDefinition.yo_agrego_el_producto_al_carrito()"
            },
            "keyword": "Then ",
            "BDD_STEP_UUID": "90d7f17b-f91f-47ed-9d4d-fdea1fdc239e"
          },
          {
            "result": {
              "status": "skipped"
            },
            "line": 14,
            "name": "Yo abro el carrito",
            "match": {
              "location": "ConfirmarCompraStepDefinition.yo_abro_el_carrito()"
            },
            "keyword": "When ",
            "BDD_STEP_UUID": "9c6963a2-69eb-40ff-b5d0-3d9463cf21fd"
          },
          {
            "result": {
              "status": "skipped"
            },
            "line": 15,
            "name": "Yo ingreso los datos para verificar mi información",
            "match": {
              "location": "ConfirmarCompraStepDefinition.yo_ingreso_los_datos_para_verificar_mi_información()"
            },
            "keyword": "When ",
            "BDD_STEP_UUID": "506c2dd3-78f2-4cbd-8155-dcc3cf3a430a"
          },
          {
            "result": {
              "status": "skipped"
            },
            "line": 16,
            "name": "Yo valido el total de los productos",
            "match": {
              "location": "ConfirmarCompraStepDefinition.yo_valido_el_total_de_los_productos()"
            },
            "keyword": "Then ",
            "BDD_STEP_UUID": "00d84267-644f-4687-bc7f-d1deb5906aef"
          },
          {
            "result": {
              "status": "skipped"
            },
            "line": 17,
            "name": "Yo Finalizo la confirmación del producto",
            "match": {
              "location": "ConfirmarCompraStepDefinition.yo_Finalizo_la_confirmación_del_producto()"
            },
            "keyword": "When ",
            "BDD_STEP_UUID": "801be71b-b319-4500-bdb7-2d69cfdb9115"
          },
          {
            "result": {
              "status": "skipped"
            },
            "line": 18,
            "name": "Yo verifico el logo de Pony y vuelvo al BackHome",
            "match": {
              "location": "ConfirmarCompraStepDefinition.yo_verifico_el_logo_de_Pony_y_vuelvo_al_BackHome()"
            },
            "keyword": "Then ",
            "BDD_STEP_UUID": "0dc88d1e-75b8-4a3c-8a7e-72e1a95132eb"
          }
        ],
        "tags": [
          {
            "name": "@tag"
          }
        ]
      }
    ],
    "name": "Ingreso del Usuario",
    "description": "  Yo como usuario ingreso al aplicativo Swag Labs",
    "id": "ingreso-del-usuario",
    "keyword": "Feature",
    "uri": "C:/Users/mgallo/git/SwagLabs/Include/features/ConfirmarCompra.feature",
    "tags": [
      {
        "name": "@tag",
        "type": "Tag",
        "location": {
          "line": 4,
          "column": 1
        }
      }
    ]
  }
]