[
  {
    "line": 5,
    "elements": [
      {
        "BDD_TESTRUN_UUID": "30c3e399-86f4-4b8a-94dd-07799c4e3ce2",
        "line": 8,
        "name": "Ingreso del Usuario al aplicativo",
        "description": "",
        "id": "ingreso-del-usuario;ingreso-del-usuario-al-aplicativo",
        "type": "scenario",
        "keyword": "Scenario",
        "steps": [
          {
            "result": {
              "duration": 6562716600,
              "status": "passed"
            },
            "line": 9,
            "name": "Yo como usuario ingreso a Swag Labs",
            "match": {
              "location": "LoginUsuarioStepDefinitions.yo_como_usuario_ingreso_a_Swag_Labs()"
            },
            "keyword": "Given ",
            "BDD_STEP_UUID": "b6989d2e-35ad-4c37-93a2-0633b022f374"
          },
          {
            "result": {
              "duration": 7282497800,
              "status": "passed"
            },
            "line": 10,
            "name": "Yo ingreso Usuario",
            "match": {
              "location": "LoginUsuarioStepDefinitions.yo_ingreso_Usuario()"
            },
            "keyword": "When ",
            "BDD_STEP_UUID": "652828fc-a6c4-493d-accd-ac42f5cf98c9"
          },
          {
            "result": {
              "duration": 1046244500,
              "status": "passed"
            },
            "line": 11,
            "name": "Yo selecciono el producto",
            "match": {
              "location": "AddProductoStepDefinition.yo_selecciono_el_producto()"
            },
            "keyword": "When ",
            "BDD_STEP_UUID": "28a27eab-9814-4637-b937-1181ef29f852"
          },
          {
            "result": {
              "duration": 1283445600,
              "status": "passed"
            },
            "line": 12,
            "name": "Yo miro los detalles del procuto",
            "match": {
              "location": "AddProductoStepDefinition.yo_miro_los_detalles_del_procuto()"
            },
            "keyword": "When ",
            "BDD_STEP_UUID": "b4f8eef2-1e51-4c6a-acc0-0ebc31b0686f"
          },
          {
            "result": {
              "duration": 411435800,
              "status": "passed"
            },
            "line": 13,
            "name": "Yo agrego el producto al carrito",
            "match": {
              "location": "AddProductoStepDefinition.yo_agrego_el_producto_al_carrito()"
            },
            "keyword": "Then ",
            "BDD_STEP_UUID": "94a49280-4b7c-4402-be27-3d0b9ce5619c"
          },
          {
            "result": {
              "duration": 806150900,
              "status": "passed"
            },
            "line": 14,
            "name": "Yo cierro la ventana",
            "match": {
              "location": "AddProductoStepDefinition.yo_cierro_la_ventana()"
            },
            "keyword": "Then ",
            "BDD_STEP_UUID": "a8a935e6-65d9-491f-8244-1e3fc7c3242e"
          }
        ],
        "tags": [
          {
            "name": "@tag"
          }
        ]
      }
    ],
    "name": "Ingreso del Usuario",
    "description": "  Yo como usuario ingreso al aplicativo Swag Labs",
    "id": "ingreso-del-usuario",
    "keyword": "Feature",
    "uri": "C:/Users/mgallo/git/SwagLabs/Include/features/AddProducto.feature",
    "tags": [
      {
        "name": "@tag",
        "type": "Tag",
        "location": {
          "line": 4,
          "column": 1
        }
      }
    ]
  }
]