[
  {
    "line": 5,
    "elements": [
      {
        "BDD_TESTRUN_UUID": "e2f74b22-3fb2-42c4-a921-e2a6e40ffcc5",
        "line": 8,
        "name": "Ingreso del Usuario al aplicativo",
        "description": "",
        "id": "ingreso-del-usuario;ingreso-del-usuario-al-aplicativo",
        "type": "scenario",
        "keyword": "Scenario",
        "steps": [
          {
            "result": {
              "duration": 6879418300,
              "status": "passed"
            },
            "line": 9,
            "name": "Yo como usuario ingreso a Swag Labs",
            "match": {
              "location": "LoginUsuarioStepDefinitions.yo_como_usuario_ingreso_a_Swag_Labs()"
            },
            "keyword": "Given ",
            "BDD_STEP_UUID": "ca1feb41-b2e9-468c-8a99-036a51dd9c67"
          },
          {
            "result": {
              "duration": 7163957000,
              "status": "passed"
            },
            "line": 10,
            "name": "Yo ingreso Usuario",
            "match": {
              "location": "LoginUsuarioStepDefinitions.yo_ingreso_Usuario()"
            },
            "keyword": "When ",
            "BDD_STEP_UUID": "715cc3a0-1acf-48f3-bde2-61228c97bd5b"
          },
          {
            "result": {
              "duration": 535966800,
              "status": "passed"
            },
            "line": 11,
            "name": "Yo selecciono el producto",
            "match": {
              "location": "AddProductoStepDefinition.yo_selecciono_el_producto()"
            },
            "keyword": "When ",
            "BDD_STEP_UUID": "a5e01eaa-f7e7-491f-bdc5-7eaa48b6d1a5"
          },
          {
            "result": {
              "duration": 1249229600,
              "status": "passed"
            },
            "line": 12,
            "name": "Yo miro los detalles del procuto",
            "match": {
              "location": "AddProductoStepDefinition.yo_miro_los_detalles_del_procuto()"
            },
            "keyword": "When ",
            "BDD_STEP_UUID": "b64ca071-e128-4c04-9432-bdd539983b8a"
          },
          {
            "result": {
              "duration": 423624000,
              "status": "passed"
            },
            "line": 13,
            "name": "Yo agrego el producto al carrito",
            "match": {
              "location": "AddProductoStepDefinition.yo_agrego_el_producto_al_carrito()"
            },
            "keyword": "Then ",
            "BDD_STEP_UUID": "edc925e0-6682-4e11-84a1-8ff3a011edd1"
          },
          {
            "result": {
              "duration": 558707800,
              "status": "passed"
            },
            "line": 14,
            "name": "Yo abro el carrito",
            "match": {
              "location": "ConfirmarCompraStepDefinition.yo_abro_el_carrito()"
            },
            "keyword": "When ",
            "BDD_STEP_UUID": "951785fc-4c34-42fd-b092-b99eefba1964"
          },
          {
            "result": {
              "duration": 3355404200,
              "status": "passed"
            },
            "line": 15,
            "name": "Yo ingreso los datos para verificar mi información",
            "match": {
              "location": "ConfirmarCompraStepDefinition.yo_ingreso_los_datos_para_verificar_mi_información()"
            },
            "keyword": "When ",
            "BDD_STEP_UUID": "cfdb9a54-d219-49e5-8432-cf850cfe6cfa"
          },
          {
            "result": {
              "duration": 1563820400,
              "status": "passed"
            },
            "line": 16,
            "name": "Yo valido el total de los productos",
            "match": {
              "location": "ConfirmarCompraStepDefinition.yo_valido_el_total_de_los_productos()"
            },
            "keyword": "Then ",
            "BDD_STEP_UUID": "e54ba9d8-93e5-4d3b-8a35-3acaa6ba5ad0"
          },
          {
            "result": {
              "duration": 367235500,
              "status": "passed"
            },
            "line": 17,
            "name": "Yo Finalizo la confirmación del producto",
            "match": {
              "location": "ConfirmarCompraStepDefinition.yo_Finalizo_la_confirmación_del_producto()"
            },
            "keyword": "When ",
            "BDD_STEP_UUID": "8dd5180b-3151-445e-b750-d7c9f1367cda"
          },
          {
            "result": {
              "duration": 6707994500,
              "status": "passed"
            },
            "line": 18,
            "name": "Yo verifico el logo de Pony y vuelvo al BackHome",
            "match": {
              "location": "ConfirmarCompraStepDefinition.yo_verifico_el_logo_de_Pony_y_vuelvo_al_BackHome()"
            },
            "keyword": "Then ",
            "BDD_STEP_UUID": "d164507b-1012-4529-b43a-664d268c4eb3"
          }
        ],
        "tags": [
          {
            "name": "@tag"
          }
        ]
      }
    ],
    "name": "Ingreso del Usuario",
    "description": "  Yo como usuario ingreso al aplicativo Swag Labs",
    "id": "ingreso-del-usuario",
    "keyword": "Feature",
    "uri": "C:/Users/mgallo/git/SwagLabs/Include/features/ConfirmarCompra.feature",
    "tags": [
      {
        "name": "@tag",
        "type": "Tag",
        "location": {
          "line": 4,
          "column": 1
        }
      }
    ]
  }
]